0.9388;0.6169;1.0644
2.1293;0.3370;-0.1719
-3.3897;0.7788;1.7438
1.0997;-0.1946;-3.7445
1.6934;1.2616;0.9750
5.2883;1.4223;1.4207
-0.2952;-2.1533;-2.0023
-1.3718;1.6881;-2.1570
-0.6397;-2.0578;1.7737
0.1291;-1.1674;-1.9258
1.9194;1.7004;0.4057
-1.2718;1.3416;2.3876
-2.9480;-2.3583;2.4508
0.2094;0.4691;-1.2258
2.0959;-0.9440;2.6940
-3.3508;-1.2048;1.4239
-0.6938;-0.4325;0.7422
-2.0103;-2.1516;0.5954
-0.3490;1.1242;2.1308
-2.9420;0.7934;2.3136
4.8041;1.6857;0.3088
-2.3729;-0.9758;-0.2522
0.7625;0.9153;1.5007
1.5462;2.4757;-0.5376
3.1156;0.7392;1.0558
-0.0776;-0.6021;-1.6184
0.1525;0.5449;-2.4743
-2.3637;-0.4455;-0.2289
-0.7677;0.5242;0.9901
0.4412;0.0086;0.6123
0.5721;-0.7140;-0.0831
0.2628;-0.1788;2.1665
4.6813;1.8894;2.2363
-2.3082;0.0196;-1.3621
-1.4396;-1.0544;1.2750
-1.7221;0.5309;1.4879
0.6870;3.2776;1.5604
-1.7389;0.9495;-1.1095
-2.3094;-0.9283;1.5714
1.3997;0.3647;1.1945
4.2240;-0.0813;1.4294
-2.6404;-1.7806;4.5513
0.9660;-0.5776;2.4632
-2.1903;2.5912;1.8839
1.2869;0.3107;0.6411
1.3120;0.8593;-1.6995
0.3956;-0.9034;3.1591
-0.0809;5.6252;-0.1353
-0.7226;0.8908;2.3374
1.5872;2.0326;-1.1643
-0.9117;-3.5724;-1.0655
2.4424;-1.0941;3.7072
-1.7819;0.3263;1.5666
1.1139;1.6541;5.5908
0.1705;2.8074;0.4701
2.4718;-0.6280;-0.6525
0.4383;-1.1072;1.7326
3.3592;0.6714;1.1345
2.0782;3.4259;-2.3117
-1.5336;1.5381;-1.8711
-3.7525;-1.2114;-1.2375
0.6063;-0.7508;2.8737
-0.8604;1.9009;-2.0218
-0.7225;0.9878;3.5422
1.4722;0.4205;-0.3311
2.0210;0.1167;-1.6431
-0.5276;-1.2107;0.3118
-2.3231;-4.1259;-0.0509
-2.5735;2.2412;0.8986
2.1400;-2.1334;-2.6365
-1.4479;2.1491;1.4931
-2.8872;1.9242;3.7216
-1.4299;-0.5300;1.8093
-0.8789;-1.6388;-1.1960
0.5295;-0.8516;0.9040
0.6623;2.2357;0.6022
2.8155;-0.7866;-1.9378
4.1826;0.0818;2.4127
1.4262;0.5962;0.4410
0.1367;2.5163;2.3940
-0.9170;-0.4181;2.1498
-0.3410;2.4100;-1.6666
-2.2414;-0.9441;-3.2693
-2.2395;2.0627;1.5448
-3.2384;0.7321;-0.0262
0.6236;1.6170;-1.1611
2.3293;1.3692;1.5875
4.0030;1.6724;0.7579
-0.7869;7.4579;1.8138
1.1816;-0.0229;0.4832
-1.5253;-0.5189;-1.5323
-0.2820;-0.0372;5.6799
1.1369;1.2741;-2.8132
0.7741;1.6063;2.5396
-0.8063;0.1262;0.9703
-0.9399;-3.9709;1.4964
-1.1575;0.4611;-0.1728
-2.0111;-0.1000;1.0664
-0.6805;-1.2201;1.5900
0.3423;0.3708;3.3447
-0.9994;-3.3901;2.9909
-2.2657;0.1804;-3.3080
-5.2712;1.2687;0.6915
-2.0727;-0.8617;-1.3099
1.2162;-1.8818;2.8967
1.9476;-0.8913;0.4620
-0.8883;1.2004;0.0722
-3.0311;-0.5584;-2.8205
0.2689;-0.4571;-1.9578
-0.6978;2.6595;0.3456
2.9876;-0.1358;2.1839
-1.1464;-2.1039;1.7923
1.1418;3.2196;1.7721
-3.6633;0.0086;2.3362
0.6281;-5.7478;-0.7387
1.2671;0.4634;-1.6166
3.9785;1.8230;0.9716
-0.8164;4.4530;2.3487
3.7795;-1.6836;3.7944
3.2890;-0.6712;2.5751
-0.8886;2.9528;-0.1603
3.8154;0.6776;2.5582
-1.1701;1.5926;0.2759
3.2755;-2.9903;1.3485
0.5779;-0.1914;0.7566
0.1132;0.4079;0.7870
3.2220;-0.7335;0.0226
-0.7691;0.4408;2.3034
-2.5707;-2.3196;-0.2543
4.1889;-0.4980;0.8759
0.6311;1.0336;2.9951
-2.5799;2.0585;4.5772
-0.6793;-1.2101;0.2683
1.4293;1.0512;-1.0761
2.8399;3.4624;-0.6189
-0.0013;3.2590;1.3723
-2.1742;2.3142;-0.0203
-1.7176;1.0305;0.0244
-0.4249;-0.7629;3.0648
1.2946;-2.8017;4.4672
0.2969;3.8476;1.0937
-3.1028;-0.9904;-0.7608
-3.3806;2.0747;1.5215
-2.2683;-2.2727;-1.3392
-0.9957;-2.4954;1.6416
-0.9304;-2.4218;-2.8713
-0.5607;1.6732;-0.0997
1.5501;-3.2400;1.2420
-0.8855;0.7968;2.1433
-0.1100;2.0972;3.2997
0.9812;2.7109;1.6707
-4.2411;0.7815;-0.0678
-0.8677;0.3711;2.1271
-0.3901;0.1079;2.0509
-2.6135;-0.2729;-3.6775
-2.0136;3.7634;0.2380
-1.8286;-1.9166;2.9477
1.0706;0.4119;1.1217
-0.1824;-0.1402;0.8752
-1.5691;-1.8052;1.7930
5.6214;-4.0248;2.9156
1.5823;-0.4760;-2.0309
-0.1960;-0.0788;3.5291
2.0156;0.9361;-0.5331
0.7283;2.5563;-1.1947
-3.1758;0.2323;0.7024
1.2469;-3.0613;6.2922
0.0419;3.1912;3.0356
0.1850;-0.1026;0.5186
-2.5008;2.2707;0.9982
-4.2566;0.4461;2.3084
-0.9218;1.0295;0.3530
-0.1506;-0.1247;-0.2344
1.4967;-1.3739;0.7619
-3.2074;0.1826;-2.2669
-2.3745;-1.1234;-1.4992
1.1372;0.4973;-1.0790
0.8969;2.6598;0.0211
-1.5431;-0.2931;4.4649
2.0366;-2.8064;-1.1214
3.2141;-1.5225;1.2125
4.2321;1.4977;4.2814
0.4697;0.9764;-2.1988
-1.2803;-0.0906;2.3408
-1.8023;-3.1072;1.8608
-2.3986;3.7204;-0.0362
1.5812;-0.1557;0.0859
4.5954;-0.1153;-0.8684
3.0494;-3.2961;1.2357
0.0458;1.2411;-0.4645
-0.5006;-1.9813;0.1641
-0.2690;4.4241;3.0002
0.6002;-1.9923;1.7031
1.8326;-0.5603;4.0600
3.1346;-1.4503;0.0049
2.1618;0.8117;1.8426
1.3196;-2.7639;-2.4142
-0.4282;0.1153;0.6881
2.8403;-1.4406;1.5845
1.3683;-2.1246;3.2329
-2.6204;3.3025;5.3485
0.1849;0.8220;3.0708
-1.3612;1.5955;0.5902
-1.0684;-0.9857;0.5686
3.9294;-2.0126;1.3501
0.3711;1.6788;5.0765
0.1098;-2.6519;-1.4262
-0.7916;-0.2923;1.0714
-0.5753;-1.0670;1.8970
-1.1124;1.1330;-0.5008
-2.0137;0.6070;3.0261
-1.1729;2.3425;-0.1648
-1.2681;4.6069;2.0678
1.3828;-2.0638;3.3706
-1.2527;-2.3261;0.4369
0.4817;-0.4124;1.5485
1.4924;3.1146;0.6761
-0.1823;-0.7095;0.8929
0.5406;0.4713;0.0192
1.5440;-0.6101;-1.1742
1.7688;1.3671;-0.6999
2.6821;-2.3312;5.0397
2.1518;2.5870;-0.3153
-0.4066;-0.8365;3.6997
-1.4915;-2.2969;-0.1948
2.1677;4.1721;0.2153
1.0831;1.9611;3.3278
1.2257;1.9820;-0.9845
-0.6805;-1.8547;4.5534
-1.1079;0.3049;1.5109
-1.9498;-1.3094;3.1987
-0.5011;1.8139;-0.2202
2.6865;0.0939;2.1908
3.3533;-1.6107;0.3842
-2.3310;1.2638;2.6080
-0.1463;1.2371;1.2402
-0.0401;2.2878;1.1614
0.0505;0.0437;0.8809
-0.0990;-2.3166;0.7891
0.6575;2.7346;-0.8096
0.7951;-0.5274;-1.7462
1.8322;0.8893;-0.4028
0.9933;1.4190;-0.3416
0.1385;-1.7094;-0.0816
-0.4303;-2.1082;0.2254
2.3661;0.7665;-3.0912
-0.3633;0.1717;3.3206
-1.2431;-2.3696;2.5034
3.9530;-2.6871;2.1348
1.9395;-1.3899;1.5649
-2.2448;-1.7186;-1.8240
0.9969;1.1497;-2.4026
0.3261;1.3679;0.8868
0.4916;-0.5627;2.0799
-0.5558;-1.0702;3.5115
0.2350;-3.9719;3.8706
0.2838;-0.5332;1.2962
2.5120;1.4888;1.8894
-1.0728;1.6425;1.2730
-0.7092;3.1760;3.8187
0.8536;-1.4146;0.6614
-3.4999;1.4594;-0.2326
-3.3361;-0.0099;0.1591
3.1724;0.4060;-1.9196
-0.5087;1.7748;2.7041
0.5317;-1.5864;-3.9550
1.2047;-0.9330;6.8745
-2.6890;-2.8131;-1.2480
-0.2497;2.6778;0.1094
-0.5891;-2.7988;-0.4448
-1.5681;2.6697;1.5810
-2.4580;-1.2532;-0.5468
-3.1898;-2.3379;2.5052
-1.9954;-1.0381;1.5274
-1.3531;-3.9697;0.3564
-0.0722;-2.0493;-1.5389
0.0332;1.0223;3.7310
-0.1262;1.7459;0.0580
-3.1894;-1.0289;0.1738
-0.9987;-1.5869;2.1641
3.7131;-2.4849;2.7534
-1.7312;-0.0382;-2.5003
0.5431;-1.7236;2.6021
-2.4423;0.6085;3.9111
-1.3305;0.6823;2.4775
-1.1913;0.0960;6.6209
-2.3841;-0.9170;0.3959
1.6429;-0.4996;3.7426
-1.4615;-1.6253;-1.2296
-1.0648;-1.0920;1.5811
-0.5147;2.2097;-0.5304
1.3322;-5.5873;3.8456
-0.6604;1.3620;2.8217
-1.6351;2.9638;1.4687
2.0902;-1.4762;-1.3283
-1.1269;-1.4878;0.7203
-0.7243;2.7073;1.7821
-0.4269;-1.2293;1.2733
-1.0337;-1.1630;2.8601
-1.6390;-1.3429;2.3548
2.6299;-3.4277;-2.5700
0.6189;1.9361;0.2506
2.6675;1.2288;0.6073
3.2617;-1.7376;0.6668
-0.5773;-1.0570;0.0680
-1.2704;4.1786;1.7166
3.7502;-3.4949;0.2347
-0.9533;-2.4050;2.5630
-0.1108;-0.6162;1.6469
0.3249;-4.6420;0.6082
-0.8420;-0.7251;3.7957
-3.8412;-2.2715;-0.3485
0.6317;1.9901;2.5878
0.6035;0.0436;4.7810
-1.4114;0.3397;-0.2943
0.8282;0.0374;-1.2890
1.6255;-3.6462;3.2811
1.9447;4.5202;1.0352
-2.6600;0.2266;1.4144
1.1093;1.2528;2.8791
-2.2720;-2.0603;3.1094
0.8952;-0.4371;2.8125
-0.3205;4.1163;-0.1523
-0.5913;3.5469;4.0298
-5.0987;-2.0270;4.7927
-1.7053;-2.3269;-0.2150
1.3363;-1.0169;2.6556
1.4014;0.0998;2.2467
1.9022;-0.8063;-0.7871
-1.5593;3.1515;4.9765
-3.2262;-1.0941;0.9382
-0.0682;2.6030;-1.3003
2.9714;2.2422;1.4556
0.6414;-2.0668;1.0895
-1.1138;1.6273;3.6620
0.8759;2.6434;0.4967
-2.9698;4.4573;0.7097
2.0842;-0.9079;1.1923
2.7028;3.3340;3.4499
3.1012;1.7847;-0.1855
-3.0945;-5.8464;3.1136
0.4766;-0.4932;2.9300
-2.3325;-0.2343;-1.3879
-2.5897;-0.3555;0.6378
4.0140;-0.0129;1.1672
-1.3203;0.4530;-2.3353
-2.8377;0.5589;0.4251
0.4669;2.1320;1.0535
-1.7412;2.8974;2.1392
3.1350;-0.2107;2.0750
1.3325;-1.2420;0.3333
-0.6995;3.2375;3.1938
2.0204;-0.3452;-0.1642
3.1029;2.7698;0.5632
-0.4205;0.9514;0.3273
-2.3184;-0.3524;1.7299
-0.6250;1.8010;-1.2767
-2.2765;-3.0517;-0.0388
-1.4971;-0.4924;2.4941
1.8592;0.3365;-0.1367
-2.8332;1.2021;-1.2172
3.5961;2.3935;5.2415
1.3315;1.1734;1.3161
-0.8769;-0.6570;2.0847
-0.3090;-2.8958;-0.3802
1.0723;-1.7538;-0.5657
0.8450;0.7867;3.6189
1.8840;-2.1596;2.7021
2.3552;-3.3318;1.7240
2.8510;1.3491;2.7681
-0.0392;1.0852;-0.0683
-0.9357;1.6161;0.7101
-2.2026;-2.0967;2.4352
1.5983;-0.9051;1.9008
-0.2084;-2.5350;-0.0102
-4.0311;0.6949;-2.1632
3.6598;-1.3673;0.6254
-3.2470;1.0103;4.9037
-2.6289;1.9843;-0.9386
2.7867;-2.4967;-0.9446
3.2855;2.9478;-0.6898
-0.6889;1.1962;1.2793
2.8808;-0.9515;1.1457
0.2955;1.6838;1.0541
0.2802;-0.8162;-2.2744
-2.3153;0.4407;-0.7453
-1.8835;-1.0682;1.2242
1.4906;-2.0734;-1.5007
-0.7766;-2.4796;-0.5910
2.0993;0.9845;-0.2276
1.4599;-0.5181;0.3313
-1.3995;1.8935;0.3910
-1.9849;0.7735;3.6598
-0.8935;-2.3844;0.8755
-0.7241;-1.9396;2.2308
1.6755;1.4066;-0.6544
0.0049;-1.7145;1.7230
0.4410;2.8917;2.9541
-0.6727;-1.0777;2.7471
-4.4083;-1.5305;-2.8677
-0.0375;1.7931;-1.1424
2.0146;0.7209;3.6679
-2.9801;4.4098;-0.3044
-3.4989;-2.1675;-1.8270
0.3497;-0.0573;3.0567
-1.5380;-0.4799;1.9267
-0.6781;2.4167;1.2146
1.3190;-1.1756;0.4000
-0.7662;0.6776;0.3720
1.0000;2.1396;5.5919
0.0580;2.2772;-0.2808
-2.0248;2.0860;3.9292
-1.7123;-1.4770;2.1572
0.1741;-1.0394;0.6493
-0.1182;3.2949;1.2095
-0.3236;-1.0542;1.4530
3.1411;1.2073;1.2648
-1.6115;1.2361;-0.9552
0.5016;-3.3198;2.3797
-0.9019;0.7729;2.3564
3.8965;-2.6864;2.6394
-0.9196;-1.2879;-0.1887
1.6916;3.6405;2.7672
2.9538;3.7061;1.9895
1.6903;-2.7735;-4.7250
-0.3776;-2.8856;3.0777
0.6247;2.7042;2.8452
0.5271;4.2809;0.8375
-3.3771;0.3032;3.2512
1.7390;0.3728;3.6809
2.3897;2.9568;1.7529
0.1263;-2.2754;-0.3172
3.0999;2.1866;-1.7608
4.0526;1.2206;-3.1587
2.8661;-0.5065;-1.5304
-1.6713;2.9504;3.6448
2.7130;-2.4193;3.1988
-2.3330;1.4960;-0.9356
3.7986;2.0311;2.4417
1.1652;-2.2780;2.3010
0.4228;0.1355;-1.0450
1.4202;0.7778;4.5967
-2.7360;-2.8673;4.1088
-1.7376;0.5705;3.2377
1.8396;-3.2913;0.7340
-2.5223;-0.2794;0.9879
-1.2886;-2.2565;2.4460
1.1222;-0.8874;2.3871
1.5041;-1.3739;-0.2203
0.4438;-2.5365;4.1058
0.9005;-0.0381;-0.7269
-1.5258;1.5329;1.2365
-0.5919;0.7705;4.0660
-0.6236;-2.4963;-0.0647
0.5709;-0.4140;0.0727
-6.0874;0.4602;-0.3591
1.2695;-0.9704;1.9676
2.5051;0.2471;-0.5906
-2.0797;1.1530;1.4561
-0.0173;0.0120;1.9322
3.5842;2.9404;-0.6398
0.6048;1.1701;-0.1584
-0.4669;-2.7355;3.2390
3.5139;-0.3211;1.5358
3.3110;-1.1557;0.3060
2.2359;-1.8983;5.1510
-3.1257;3.1419;0.4881
2.1534;0.1737;0.6032
-0.4483;1.0430;2.4119
3.7330;0.0491;-0.0580
-2.7640;0.8470;2.7373
-1.5514;0.0817;0.8327
2.5200;-2.5269;2.8117
1.1998;1.2546;3.6025
-2.5620;-0.3722;1.2754
0.2797;0.8848;-1.9560
-4.4549;-0.0662;-0.2431
3.7312;1.2670;-0.9105
0.4432;-1.3877;0.7176
-0.7269;0.6101;1.4001
-0.4105;0.2740;1.4140
-0.7487;-1.9841;2.0906
-0.3156;-0.0931;-0.4581
-1.8609;0.9085;-2.1124
-3.5017;0.9996;2.0144
-0.8380;-0.1680;2.1895
-3.3303;-3.7602;-1.0049
-0.9047;0.9321;1.5904
-1.4026;1.6166;1.1007
1.3114;1.1542;0.9299
-1.9040;-0.5574;-0.6821
-1.5453;-1.1097;-3.0623
-4.3649;1.1074;-2.0816
1.0478;6.2620;0.8766
-3.6846;0.0313;-0.7519
-2.5483;0.2020;0.6930
-1.2829;2.6592;-0.3728
1.5087;0.7919;-3.8471
1.2068;-2.8391;3.0491
-0.3214;2.5625;0.5008
-0.0642;-3.8353;3.7968
0.5850;-0.6474;3.6921
-2.0322;1.6315;1.5527
0.4321;1.1038;-0.9530
0.2561;-0.7017;1.3852
3.2772;3.3119;2.7533
-2.2130;3.3269;1.7315
1.2431;4.6443;3.9286
0.3020;0.4204;0.8634
1.2894;-0.3357;-1.1053
2.1632;0.3191;-0.2374
1.2921;0.7128;0.9155
-0.7181;2.8442;-1.9196
-6.0723;1.6694;-1.8949
3.9808;-0.1169;4.0197
-4.1050;0.5008;3.5568
-0.8759;-1.5091;1.1982
-1.5310;0.8108;0.9850
-0.7897;-2.0995;2.3512
0.4713;-1.1632;0.2761
-0.4437;-0.5999;1.3104
1.2260;0.4458;-1.2269
0.1299;1.5366;4.6829
1.8011;-2.3627;-0.5267
-4.3531;-0.6658;-0.5371
-0.4680;2.1885;1.0347
-0.2420;0.1779;-0.4290
-1.6590;2.7271;2.2960
-0.0164;-0.5753;3.7087
-0.9495;1.1906;3.1736
2.6600;-0.8947;2.5367
2.1077;1.1713;5.2952
-0.8643;1.6575;-1.5146
0.9207;-1.3907;-1.2405
3.9382;0.4361;1.0275
1.9179;2.2470;5.2025
2.9643;-2.5034;6.4602
-2.5454;2.4289;-0.4803
1.8105;-1.9222;-1.8240
-0.6167;-0.1273;4.1610
-0.8156;-0.0500;2.1238
2.6194;1.0952;1.4646
-0.4782;-0.7136;0.4038
-0.3554;-3.8616;1.1996
-1.1672;0.7346;-1.6896
-0.1745;-0.3170;-0.9565
-1.2540;1.5445;1.6172
-2.1564;1.4556;2.8001
-1.8508;-0.7190;0.5700
0.7259;-0.8594;3.9735
0.3925;1.6529;-2.0087
-0.3915;0.3560;4.6621
-0.7776;-0.1673;0.4023
1.3646;0.7401;2.5107
0.7833;-0.1280;0.4561
0.0461;-1.4915;3.5163
1.3901;2.6390;5.8471
0.3367;1.2916;4.8649
0.5769;-4.3749;1.4556
-3.2112;-0.7149;-0.2005
2.3921;0.0805;3.8455
-2.0716;2.0858;-0.5232
-4.2838;2.3078;3.6852
-1.8289;3.2364;-3.3681
-0.2190;-2.6306;0.8386
-2.7081;1.6353;1.2948
-2.2152;1.7981;0.9530
2.2394;0.8904;3.6309
-0.1533;-1.7418;4.5906
-0.6803;-1.3012;0.7984
-0.6226;-1.3185;1.0996
2.1594;0.3151;1.5299
0.2528;-1.8267;0.8685
-0.5325;-2.1448;2.1721
0.6223;2.1681;0.5633
2.6922;1.1864;0.9329
-0.5138;0.8725;4.4361
0.2581;-0.7138;0.9480
-0.7545;-0.9387;3.3050
-0.0130;0.5910;3.7598
-2.7664;0.2367;1.6263
0.0900;0.2975;0.4665
-2.5050;2.0810;-2.2010
-3.0867;-0.5053;-0.1481
2.7500;0.9981;-1.0563
1.8783;1.2377;2.0671
-2.6927;-1.6380;-1.1549
-3.4770;0.0720;4.6088
-1.0139;2.0805;1.7151
4.0418;3.7001;0.8112
-1.9109;-0.0843;0.5830
0.6502;1.6692;2.9361
2.3772;-3.1793;1.0426
-1.0522;-0.0006;1.5940
-0.5512;0.2567;2.7574
1.5332;-0.0586;0.3602
1.7329;-1.4492;0.1007
-3.1452;-0.6964;1.8315
0.5499;-1.9371;-1.4440
0.8601;3.1711;3.3071
-0.4982;-0.8244;0.9800
0.1716;-1.4881;3.4594
-2.5562;1.8178;-2.1004
-0.9219;-0.7436;-0.9838
-1.8363;-0.6800;4.5545
-0.6461;-1.4130;1.6623
0.5455;0.4722;1.3008
-3.0386;0.8561;3.6760
-1.2931;-2.5081;-1.8630
1.1407;-2.3805;0.0682
-0.5549;-2.1672;0.9125
1.2269;-1.3203;0.9711
-1.7138;-1.2787;4.7394
1.8532;1.4254;-1.4134
-1.3287;-0.0085;-0.5353
5.9439;0.4551;1.8211
-0.4648;2.1867;-2.5491
-1.8632;-2.1612;-2.5100
0.9702;-0.6523;2.9513
-2.3012;-0.0304;1.1367
-3.8828;-1.1680;0.8906
2.6490;0.0642;0.1502
1.4663;2.2610;4.2281
-2.3238;-2.4652;-0.5817
0.8892;-1.8398;0.4594
0.4827;-0.2412;1.4577
2.6200;3.7013;3.6425
-2.9911;1.9842;1.0527
-0.3774;-3.0396;-1.9012
1.8236;4.0814;1.5000
0.4376;-2.1232;-1.7301
0.3645;-0.8390;-0.1121
-1.2544;-3.5032;1.7169
-3.7029;-3.1839;-1.2302
0.0742;0.9063;1.2873
2.0265;2.2070;3.1890
-0.1439;1.1095;0.5776
-0.1315;-1.0416;-2.2187
-0.4359;-5.0935;-0.3729
-0.4462;-2.5862;4.4613
2.6332;-0.3684;5.2603
-1.1293;0.7622;-0.0362
-0.2897;2.8020;-0.2329
-2.6757;2.1444;1.4035
-2.2796;1.8808;-1.0851
3.2436;-0.2698;2.2197
-2.1728;-2.4967;1.3259
2.6448;1.9405;-0.8199
1.6581;1.4213;0.2353
-0.5764;2.4858;1.9284
0.9948;-1.2153;2.7297
1.0643;-2.2806;-1.8921
1.0110;-1.4591;0.8121
-1.6541;-0.0776;1.0957
1.5739;-3.6120;3.9285
-0.4823;-0.4130;3.5030
3.3923;-0.2843;2.0487
1.7437;-2.8620;2.8434
3.5698;-0.4408;0.2395
-2.2090;2.6877;-0.1379
-2.8955;2.9633;2.9070
0.2291;0.5572;0.6517
2.3259;2.3768;1.6795
1.6705;2.3187;2.5732
-1.3521;-1.2397;3.2554
-1.8349;-4.2371;4.2482
-2.1585;-1.2802;0.9302
3.6009;0.1898;6.6892
0.8116;-0.4158;-0.1322
-0.1945;1.6711;-0.4923
-0.5073;2.6985;4.3651
1.7237;0.0658;3.4890
3.9529;-1.9543;1.4799
1.0882;0.4223;4.4938
3.6734;-1.7409;0.1937
0.3440;2.6554;1.1209
-1.0834;1.7165;1.0950
-0.7486;-0.8969;3.5588
0.7408;-0.2327;4.2637
-0.6691;1.0334;-3.2594
2.1918;-1.1521;1.8049
1.3720;1.4681;1.7394
-4.9563;1.6800;-1.8353
-1.5117;-1.2106;0.0029
3.0927;0.0276;1.7799
-0.8820;-0.5250;2.1375
-2.3575;2.9785;1.3462
0.2442;-5.0473;1.4948
-0.4624;-1.6607;4.5384
3.2341;-0.4515;-1.0827
3.1282;-3.7209;-2.8503
-0.7692;-0.8012;1.9580
2.7154;-0.3443;-0.0611
1.6390;-0.4720;2.4939
-0.3514;1.0351;-0.5491
2.2838;1.8613;3.6092
0.9884;1.5783;-0.0679
0.3504;1.7586;0.5958
1.4604;-0.8532;1.1708
0.6625;2.1194;0.3906
-0.2386;-0.7984;1.4339
-2.7829;-0.3605;5.4519
-3.5989;-1.3320;4.5438
-0.9571;0.7608;3.3143
0.6985;-1.9182;1.7921
-1.9882;0.3043;0.5857
1.0453;2.9670;2.9325
2.4771;2.3399;-1.3519
1.0182;-0.8129;-0.6562
-0.9586;3.5689;-4.3506
-4.6210;0.7426;-0.5563
2.2634;-1.5010;3.7761
-0.8657;-1.4744;-0.0635
0.0012;-0.8263;1.0526
2.6473;2.4218;-0.3493
1.2799;2.1696;3.2514
1.0802;-3.5152;0.4498
2.8865;0.2272;-0.5219
-1.7294;-1.3848;5.1221
0.3795;-1.6549;6.8098
-0.8382;3.1025;4.0113
1.6395;2.0298;0.8290
1.0844;-1.5763;0.2114
-2.8690;-0.5124;1.7437
-3.0067;0.1234;1.4062
-2.2794;0.0189;-0.2558
-1.5127;-0.7574;0.0953
-0.1673;2.8490;-0.6698
-1.0250;-0.5092;0.4315
-2.5580;0.9401;2.5993
-2.1027;0.1154;2.6892
-0.2240;-1.2705;0.2693
-0.3051;1.6644;0.6312
1.7071;-1.7922;0.5102
0.9930;-0.2337;-0.6788
-3.7048;1.9517;0.8883
1.7441;-0.1187;3.2545
-2.0091;1.6323;0.4540
3.8914;-2.7864;2.8914
2.9219;3.0259;-1.2619
-0.2942;-0.6813;3.9055
-0.1780;1.7375;0.2639
1.8556;3.0021;1.8496
-1.1474;0.0512;-0.4892
-1.4754;0.0787;-0.4270
-1.0708;-2.6995;1.9978
-2.1041;-0.4985;0.5423
-0.1193;-1.2836;0.9172
0.2213;1.4092;-0.0377
0.9346;0.9323;2.7182
0.9393;-3.2951;-1.4600
-2.5836;1.4977;6.2569
4.1549;1.1238;-3.9221
-0.1858;3.7983;0.5739
0.3495;2.7394;-3.4203
-2.9606;2.3724;2.0833
1.1626;-1.1968;3.0045
0.3349;0.0341;2.9064
1.0169;-0.9150;1.6573
0.4495;0.9782;4.0230
0.3260;-0.5557;-0.1376
1.4077;1.0112;2.9491
1.9103;0.6800;0.5768
2.4294;-0.7727;-0.7979
2.4088;0.3691;0.8625
2.1130;1.5615;-1.2005
-1.6707;-0.8402;0.7637
-0.9185;2.0691;1.8968
3.3118;1.5621;2.1098
1.4575;1.5823;1.0728
2.8297;-2.4765;1.7608
3.6006;0.6004;1.0181
-2.9179;-0.3287;0.9507
0.3484;0.0848;-0.9537
-0.2236;-3.2811;1.0793
0.9953;-0.9196;2.0707
-1.3728;0.2269;3.7427
2.6995;-0.1183;3.1570
0.8809;0.2762;-3.1620
-0.9483;-0.7661;-1.3247
0.4959;-0.5218;3.4950
0.3251;-0.7823;2.7951
-1.9281;0.1621;0.2886
-1.9518;-1.2155;1.0750
-1.0990;-1.3283;0.8168
0.7226;-2.9885;3.1689
-0.1189;0.9446;1.3572
0.6775;-1.1348;3.5269
3.6028;-0.1697;0.5594
3.2499;-1.0206;0.8266
1.8257;-0.6898;-4.4645
0.9119;-1.3572;0.2984
0.7910;-1.0014;-0.5209
-2.9592;0.8595;4.7070
-1.3732;-0.8444;-1.7927
-0.2936;-0.8910;-0.2549
2.2611;5.4876;-1.4662
-2.1350;-1.9423;2.5561
-2.1272;-0.7048;-1.2017
2.5912;0.1229;-1.1312
2.8074;-2.6908;2.2289
1.8587;-1.6075;-0.8651
1.8911;0.0440;0.9728
3.7173;-3.3818;-2.4674
-0.9875;2.3770;-2.7810
-2.3940;-0.7608;1.3965
-2.1043;-3.1447;1.9320
4.8851;-2.4523;0.6607
2.0416;0.9666;1.9867
0.3917;0.4181;-0.0015
-1.1758;1.2331;5.1894
-1.1065;-2.4834;2.9776
-0.1975;-1.0391;-1.9238
1.7090;-0.1968;3.8851
-0.0322;-1.1918;2.5749
-3.3620;0.5341;0.6226
0.6363;-0.6468;0.4740
0.8407;0.3778;-0.6498
-1.3444;-0.1003;1.7673
1.0311;-2.5214;-0.4247
-0.9467;-1.9262;0.8262
4.7599;-1.1839;3.1801
-0.2788;1.9940;3.2743
-2.6437;2.6765;1.1624
1.2539;1.4916;0.2062
0.7371;3.0481;1.5965
1.8831;0.1545;1.0765
1.2594;-0.5232;3.2731
-0.1633;1.2105;1.7697
-3.3599;-1.4882;3.4931
-3.3590;-0.2629;2.7429
-1.7713;1.1985;2.8265
-4.9738;1.5568;-1.4753
0.3085;2.8376;1.7857
0.0643;-6.7816;0.9804
-1.4983;-2.3481;1.7010
1.0315;-0.3724;4.6729
-1.5874;1.2467;0.6105
1.8857;-0.7672;-2.1842
-0.5411;1.4142;-0.4239
0.8073;-0.0839;2.8286
-2.2043;-0.9388;0.9425
0.5464;0.3607;-2.0621
1.3441;2.9170;1.6926
-0.2677;-0.6132;1.5977
1.8500;0.1508;1.6725
0.9650;0.9502;-0.3743
2.1164;2.2503;-1.3300
0.1872;2.0875;3.3752
1.7544;2.6042;0.8063
-0.1521;-4.7567;-0.2493
-0.0641;-0.0160;0.4844
-0.9341;-0.4166;3.7747
-2.8209;-1.4308;1.4873
-2.6466;0.4495;2.9151
0.7382;-3.6334;3.8329
0.9691;-0.2674;0.5738
-5.1648;0.2490;2.3081
1.7835;1.1432;1.4265
0.1977;1.7143;1.3896
-1.8426;3.1796;1.8173
-1.3290;0.1701;1.8866
3.1375;-1.5836;-0.0724
1.2508;-0.2673;3.7519
0.6164;-1.1443;0.4301
0.3064;1.5561;1.4780
-0.9955;2.0674;4.4755
5.1462;0.8064;1.1431
2.3363;-0.0595;5.1623
1.6993;-1.3654;3.4260
-1.0584;1.7467;4.1412
-2.6321;-1.3323;-0.5590
1.4554;2.7752;-2.3570
4.5913;0.6870;4.8066
-2.0888;-0.9591;-1.7710
-3.0267;-0.4390;1.8410
1.4304;-0.7896;3.0797
-2.1524;3.7426;0.7177
1.1293;3.4995;2.3212
-3.7411;1.7336;1.5435
4.2859;-0.8077;5.0843
1.0418;-0.9539;3.3120
-2.4225;0.1387;1.0856
-0.8684;-0.2499;3.0736
3.3848;-0.4003;0.4075
-1.0327;3.7176;2.2169
-0.0548;-1.5007;-2.3302
-0.8035;1.2910;1.3113
3.1310;-0.5536;-6.2562
-1.4831;-1.8598;3.1530
3.3613;1.1372;-3.6993
-5.2230;-1.2900;-1.4295
-1.0809;2.1376;2.0390
0.8237;-0.1762;1.3294
0.7630;0.3567;-2.2120
-0.0443;-2.3635;2.5952
3.9282;1.2859;-2.0551
2.7037;0.8575;2.1194
-1.2321;5.0900;3.7754
-0.3760;-1.2272;-0.4803
0.9521;6.1429;-1.1805
2.3764;1.1988;2.8707
4.1697;2.4705;0.8086
3.2627;2.9953;2.7422
-2.6564;-0.6544;-0.2634
0.7618;-0.3557;-0.1814
-2.2005;-0.1104;0.6165
1.4669;1.5665;2.9639
-3.1100;0.7945;-0.0733
-1.2688;-0.2484;-0.5994
-1.6261;-2.6140;1.4183
0.3643;-2.4757;1.4924
0.9066;1.2263;-3.2866
2.9118;0.8659;4.4673
-0.5684;-4.3243;0.7626
-1.8435;-2.8654;3.9894
1.6601;-2.0364;1.2200
0.3288;-0.7199;1.7200
-0.8181;2.4014;-0.0228
0.7377;2.1862;2.1446
2.0267;2.3180;4.5496
-1.7659;-1.5972;-1.1789
-1.0101;4.0097;2.1321
-0.2079;-1.9225;1.4568
-1.0642;0.9721;2.4036
0.3906;-1.0360;-0.0020
0.9626;3.6838;0.4284
0.4509;-3.4092;3.4337
0.9451;2.5466;0.1529
-0.0110;-1.5599;0.1960
1.6168;-4.0646;1.5898
-1.0279;-3.4107;1.4600
1.3478;0.9043;-2.9753
3.2509;0.9429;1.1078
-0.7276;1.9435;1.1750
1.1312;-0.4496;2.9882
1.0524;1.9046;-2.8587
2.1621;-0.8910;0.8872
1.6939;-4.7172;2.5253
-2.8170;1.2413;1.9504
3.1935;-0.4955;0.2269
-0.9255;-0.9543;4.1231
2.1721;3.3722;2.4080
1.3722;-0.1971;-1.5205
0.1682;-1.5395;2.6290
-2.8976;2.4515;0.5604
0.8951;0.9316;3.4032
-0.3424;-0.9767;2.8594
1.8247;2.4183;0.9344
1.2141;0.2440;-1.1570
0.4802;0.5012;-2.4850
-1.8588;-0.8540;1.1172
-0.4053;-1.0364;-0.0294
-2.1038;-1.1018;3.4503
-5.5117;0.8178;1.0996
3.5954;-2.7067;1.3320
0.6127;1.0544;2.6605
-2.6004;-0.5262;3.1376
-0.5086;0.2714;0.2209
2.5962;2.5770;-0.0573
0.5653;2.5240;-1.2849
2.8180;-0.6937;-0.4666
0.0995;1.2502;-0.1940
4.9550;2.1512;-2.5645
0.9887;-0.6016;1.1815
-1.9605;-4.4279;6.6609
1.2531;-1.3137;-1.9187
1.2987;-3.5843;1.6159
1.3318;2.0891;1.6079
0.5093;1.4595;-0.5611
-3.3860;-1.0550;0.1684
-5.3738;0.9263;2.7445
-2.2410;-2.8737;6.3980
2.0651;-0.9546;-2.1929
-0.1138;-0.6750;1.5938
3.5960;0.0544;1.9414
-1.8014;3.1185;1.2198
0.4985;-0.2835;2.8181
0.5782;2.4411;0.6059
2.6993;0.5378;1.8868
2.7700;0.2472;3.8628
-3.1714;-1.2993;-0.1803
6.4129;-0.4848;3.5349
3.4581;1.1512;3.3164
-0.3266;-1.6247;-3.3846
0.0812;0.1717;-0.0491
5.5049;3.2634;3.2287
1.3711;2.1102;2.9845
-0.2676;-1.2669;1.2145
-3.5462;-0.7494;-2.1566
1.7113;-0.2318;4.5397
2.3864;0.2534;-0.5099
-0.7871;-0.3524;0.9798
-1.2474;2.4854;4.2846
2.2472;3.5373;0.6300
-0.1491;-0.1883;1.3894
4.3757;1.7247;0.5179
0.3311;-1.1879;0.2317
2.1534;2.8381;0.5966
0.9162;-0.8044;0.8598
-1.1419;-1.0335;-0.9201
-2.7687;-0.9098;-0.4902
1.9923;-1.2429;4.6556
-1.2368;1.0257;-0.8318
-1.0988;-1.2356;-0.3698
-0.0039;0.8708;-1.0236
0.5540;-0.1680;0.6854
1.8067;-2.7007;-0.9429
-0.3169;2.0718;-0.3441
1.2674;1.4371;-0.1672
3.6004;-2.3234;-0.0458
0.4774;0.5398;2.1002
1.7188;2.1649;-1.4582
1.1955;3.5762;-0.8760
1.9258;2.2557;1.4676
-1.4022;-0.3060;-1.4050
1.0674;-4.4808;3.6493
1.7177;0.2199;-4.9117
0.6365;1.1784;1.4991
1.7861;-2.4764;-5.2651
-1.0795;1.6822;1.9326
-1.1851;-1.6126;1.1792
1.7184;1.1748;-1.2488
-2.7017;-1.1809;-0.9283
-2.5225;-2.1313;0.4131
-0.4956;-1.9251;-0.2047
-2.4443;-0.8748;0.2528
1.1767;-0.8038;6.4412
0.5936;-0.3193;-0.1141
-1.1124;-5.5824;1.8746
2.9014;1.3853;2.1585
-1.3130;3.6693;0.8184
0.2104;-0.4893;4.5634
0.3022;-1.2755;-5.0945
-1.2012;-0.2221;1.0694
-0.9269;3.1731;4.3751
-0.0425;0.1750;-2.0624
1.8128;-1.3078;1.0811
4.0599;-1.6569;-1.1143
-0.0828;1.1411;4.2947
1.5214;-3.1313;-0.3439
1.7520;-1.1532;-0.3685
0.0690;1.5649;1.8834
0.1998;-1.6707;0.7862
-1.8598;0.7486;1.2148
-0.1879;0.6838;3.9866
-1.0342;0.5207;2.0026
-2.7424;-1.1584;0.1210
-2.2384;0.3725;2.7577
0.5088;-2.6684;3.5145
-2.6449;-0.0833;0.4819
-2.4023;-2.5508;-0.1844
1.8171;-3.5331;2.4082
1.8451;0.0778;0.2438
-1.3951;3.1773;2.4299
0.6188;0.7527;-0.5490
0.2957;-0.2746;-1.4928
-0.3661;0.4627;3.3692
1.1059;0.9860;-0.6415
-3.3121;1.3712;3.4240
2.8585;-0.2905;2.8684
0.0318;3.7475;-1.0743
-1.0983;-1.6193;1.1725
4.7592;-1.2396;1.8630
0.6195;-1.3794;4.2450
0.6988;0.8676;1.1343
-2.4512;-2.0313;0.7354
-4.2845;0.3529;0.9987
0.3860;0.4245;2.7823
-0.0462;3.0586;-3.1796
0.0359;0.6378;-2.3776
-3.3717;0.6730;3.2128
2.5111;2.5085;1.3105
4.2214;1.9127;2.8137
1.9071;1.2731;5.0104
1.5769;-1.7920;-2.7170
-3.0462;-3.4205;3.1395
0.8913;-0.6857;-1.9816
-1.9164;-1.3584;2.8911
-0.3100;-2.6257;-0.1591
-2.9257;1.5960;2.8145
2.2376;-5.4284;-1.6689
0.6746;-1.5862;1.6992
-1.4136;1.3193;2.3774
3.2363;2.0765;2.7907
0.0581;0.1580;-3.1316
-2.7701;-1.6721;-1.6989
-0.4030;-1.1744;2.4224
-2.4216;3.1406;2.2566
1.0455;-1.3692;2.5910
-4.4232;-4.7572;-1.5768
-1.6773;-0.4571;-1.9128
1.0537;-1.2203;-0.4514
-0.4063;-2.8837;4.5358
0.4153;0.4136;-0.1705
-0.0817;-0.9011;-0.6211
1.1594;2.5303;4.7680
3.6546;-1.1400;1.2284
0.7763;2.4722;1.1365
-1.8727;-1.6817;-1.1060
1.3970;-2.3698;3.6945
0.0175;0.5752;-0.1615
-1.4516;4.1777;1.1904
0.7720;0.8429;0.2072
-0.9289;-3.4227;-1.8302
1.0518;-1.5769;-0.6522
-3.1310;-0.5666;4.3530
-2.2309;0.4951;2.4782
5.5421;-0.2130;1.0468
-0.3953;2.8789;-2.1869
-5.5964;1.7857;1.2390
3.2773;-1.2987;5.7311
-1.9995;-1.2791;0.3686
-3.2577;-2.7695;1.7535
0.4968;-0.2821;-0.6963
-1.4729;3.4120;3.9631
1.8310;1.2156;2.3983
-1.5534;0.8405;-1.1280
-2.4192;2.0269;0.5006
0.0829;-3.0656;-0.4195
-0.4762;-4.1948;1.7636
-4.2459;0.9361;1.8098
-2.1494;0.4176;0.1097
-0.6094;0.5308;1.4740
-3.9716;-0.9309;1.8863
0.6307;2.2054;1.0666
0.6631;6.0618;-1.2304
-1.2957;-3.4833;1.6615
-0.2196;-0.9735;1.5971
0.6815;0.0260;1.9226
-0.3568;0.0043;-0.5914
-0.8710;3.1599;0.5926
-1.3953;-0.1278;0.7401
-0.9971;2.5253;1.8000
1.1063;-1.1036;-2.2197
-0.2143;-0.0057;5.3437
1.6623;0.1553;-1.7461
-0.4813;0.3937;0.0913
-1.5183;-0.4419;1.7766
0.8681;0.4848;2.0094
-2.9469;2.0726;-0.7488
-0.3511;1.7378;-0.0788
-0.0058;0.6551;0.3834
-2.0925;0.5308;0.5017
3.1610;-1.3413;1.3617
2.5292;-3.4878;6.0879
-0.4777;1.5365;-1.1894
0.7962;0.1189;-2.0550
-0.7226;0.5875;0.1821
2.3163;-2.4235;3.7231
-0.8592;0.2766;1.0611
-0.7035;-1.8180;1.1071
-0.1333;-0.0839;1.0391
-1.9858;-6.1070;0.7699
3.6497;2.1943;1.8048
-1.3575;0.5678;3.0108
3.8455;0.1555;-0.1645
-2.6531;0.4991;2.1231
1.6836;-1.1799;-0.2877
2.3086;0.9931;0.5758
1.8381;-0.3669;0.2403
0.0637;-1.6743;1.1133
0.5636;1.9862;0.1075
1.7034;-1.4228;2.2086
-0.7569;2.2496;6.4911
-0.5312;0.8798;-3.9596
-2.0157;-1.4317;3.9770
2.0226;1.1150;0.2423
4.6614;3.8033;0.9636
-1.0558;-1.0883;-1.2864
3.9546;0.0215;1.7651
1.5777;-0.6054;2.4124
1.1176;0.7403;-1.9928
-1.9757;0.4729;0.4096
0.9668;-0.6290;0.9744
1.5882;0.7489;0.3700
0.2473;0.1973;4.5536
0.6015;-2.9674;-0.1621
-5.2493;-0.0137;2.8804
0.4358;-1.8458;4.4512
-1.5124;2.1240;-0.9291
0.9651;-1.5530;4.4177
3.1198;0.1165;2.0152
1.4948;-1.0806;0.2037
-1.1029;-0.2908;1.3426
1.1275;-2.9805;0.2320
-2.3297;0.2683;1.8518
0.2856;3.1735;0.7056
0.6444;2.3452;1.8372
1.4920;4.0594;2.2692
-3.3245;1.5216;2.9447
-1.1851;-2.0201;-0.3399
3.8903;-1.6349;3.0683
-1.6077;0.4339;-1.1902
3.2390;3.9103;1.6731
2.1971;3.4396;5.7054
0.1705;2.9777;-1.7922
4.7385;0.5384;-2.3081
0.5436;1.9770;-2.7237
1.5119;-2.1803;-1.4465
0.4068;0.4788;1.5180
-4.1333;3.5042;-0.7285
0.3129;1.8911;1.0551
-1.5251;-4.5532;3.2535
1.0215;-0.3055;2.4964
-1.3470;-2.8397;0.1617
-1.3835;-1.5653;1.5545
0.8826;-1.2828;-1.6121
2.1460;-3.8018;-0.3822
-1.7584;-2.5945;-0.9657
2.0266;0.9566;-0.9632
2.6309;2.6606;1.6201
-2.1785;-3.3237;0.4772
0.3559;-0.2020;0.5454
-1.5290;-2.0786;-1.4645
-1.3816;2.0316;1.2296
-2.5113;0.2020;-0.3921
3.4170;-1.5126;-0.9727
2.0823;-2.0900;0.5962
-1.6726;0.4574;-0.7589
1.3570;-1.0691;1.8373
-4.5866;0.3849;3.0774
-0.2688;-0.7618;2.5812
-0.6789;-1.3245;0.5434
1.1569;1.2071;3.7968
0.0951;-0.7842;0.3526
-0.5410;0.2402;3.2544
5.0357;1.4467;1.9275
-0.9427;2.1661;-0.1000
-1.0651;-2.2661;-2.1920
2.6067;0.2845;1.1028
-0.6297;1.7643;1.5302
2.2194;-1.1516;-0.2374
0.0432;-0.8177;2.2040
0.5843;0.9043;-0.0922
1.3455;-1.4532;0.1774
0.1392;-0.4678;0.2875
2.2833;-0.2106;1.4822
0.7038;1.6993;-1.3158
-3.1055;0.7727;-0.0253
-3.8795;-2.1127;2.7320
3.0525;2.4493;2.4274
-1.1619;2.3473;2.5069
-2.6542;-3.0190;2.0002
-1.6818;-1.6724;1.9709
-2.0604;0.7152;0.2426
-0.6375;-3.7161;2.7126
-0.9933;-0.7392;1.0036
1.7472;-0.4832;1.4965
1.0103;0.5671;-1.6854
-0.0854;-0.9535;1.9287
-2.5008;-3.3660;2.0861
-2.6418;1.2550;-1.0685
-2.7066;0.5840;-0.0923
-4.2330;-2.1329;3.0483
2.8363;2.1880;0.9496
0.0170;-0.0657;3.1160
-1.9356;1.4072;-0.4032
-1.6935;1.1253;-2.0555
1.6521;-2.1917;1.5235
-3.9412;2.5747;3.1567
-2.9440;-0.4982;4.0324
0.3365;0.8599;1.5743
-1.3568;-0.9418;3.6846
1.9247;0.7524;0.8974
-2.1938;1.9244;2.3017
-1.4462;-1.2136;5.8331
-1.4118;-1.2937;1.7787
1.8798;-2.7905;-2.4984
-0.2127;-3.1578;0.4446
2.4532;0.2621;-0.6160
-0.2280;-0.0111;-0.3682
-2.0105;0.3022;-0.6748
2.4828;-1.1115;1.9100
1.1697;-1.2675;-0.5801
-1.6482;-3.9859;0.8682
-1.7929;-2.9427;1.5015
0.4308;0.0599;1.6728
1.3198;0.2229;-0.0381
1.0213;0.6617;2.4540
0.5288;-1.1578;3.5210
1.2476;-0.4847;-0.7759
-3.1613;0.3872;0.9427
-0.8219;-3.9372;-0.1708
-1.5097;-2.8199;1.7992
1.2524;-0.4421;2.6773
-5.1162;-2.3368;-0.1313
0.1080;-3.3576;0.3281
1.5231;3.9242;0.5559
0.9932;3.2221;2.2582
2.2799;0.7290;1.3995
3.8503;1.1651;-1.1346
3.1201;-2.7161;1.2958
-4.3328;-2.1223;0.8391
-2.6989;-0.7729;0.1057
1.5321;-0.6667;5.6629
-2.3145;1.6429;0.4883
3.5998;0.8297;-0.8508
2.1244;-0.9148;4.5892
2.0082;-1.3790;0.5261
-2.2154;-1.8261;0.6739
-1.7950;2.4092;1.9789
2.2049;-1.2922;2.9306
-3.7762;1.3747;-1.1100
0.8121;1.0766;-0.8567
0.7290;-1.1038;-0.3247
-0.2925;-0.1390;1.5888
2.2344;-2.2842;-1.0423
0.8357;0.4180;0.5646
0.8416;0.0197;0.6521
0.8611;-2.5639;1.9025
-3.1407;-1.5599;0.8687
-3.9726;1.0430;1.6265
-2.3787;-0.5092;-2.1488
0.4632;-1.2867;-3.8985
-3.3115;1.0658;2.3006
0.1465;-1.2620;2.9663
0.8342;0.0824;-0.0428
-0.8635;-1.4767;4.6196
-0.4430;2.2091;-0.2985
-0.4048;1.0299;-1.1787
-4.6323;1.1423;4.2450
-0.3381;-0.5537;-0.0467
-0.2695;-3.4891;-0.7431
0.3720;-3.6453;-1.3688
0.3436;0.0896;-0.3420
1.9413;-0.1111;4.9482
1.6641;1.7686;1.8734
0.5290;2.0507;0.9348
1.6675;-2.3081;1.1147
-0.9041;-2.2312;0.2301
1.0610;0.1630;0.1185
1.8022;1.8010;0.0401
3.0294;-0.5815;2.6548
2.9449;-2.7276;2.2802
-2.4368;0.2253;1.9901
-2.8293;-1.7166;0.8575
-2.2615;1.3233;0.8388
-0.2958;2.6216;0.7631
-5.1788;-1.4810;1.9229
0.9434;2.7297;-1.7322
-0.5761;2.4544;3.5885
2.0547;-5.4573;0.0751
0.2052;-0.3571;3.3427
0.3195;-0.4598;3.6219
-5.5090;1.3907;-0.8041
1.0514;-2.2030;3.1403
-0.7425;-2.0065;1.3342
0.6298;-0.7770;1.6189
0.4748;1.4461;0.0917
1.4248;1.2161;0.2381
0.9198;0.4986;0.0026
-0.3012;-1.1978;0.7535
0.9172;1.3259;3.5506
-0.3582;0.2188;1.3252
0.2627;1.9325;3.2193
-1.6476;1.6671;1.8431
1.7300;0.5286;-0.2562
-1.4446;3.2625;-0.2406
-1.8533;2.3311;1.5006
-0.8988;3.0186;0.2473
-0.4472;2.4368;-1.9295
2.2510;0.6834;0.3120
0.4052;0.1280;-3.1707
3.0890;-4.6462;0.3112
1.8413;-0.9323;5.7459
0.7069;-1.0134;-1.2689
-2.0849;1.4689;4.0660
-0.0505;0.5596;1.3651
-4.3885;0.7804;0.9332
1.4412;0.6621;0.9338
3.9536;-0.2860;2.8146
1.5342;1.6465;2.8778
0.1589;1.4277;1.7010
-6.6773;-0.0205;1.9176
0.3295;-0.3141;2.2260
-2.3268;1.8684;-0.8226
0.1355;-1.1125;2.0208
-2.9457;2.9813;0.0206
-3.1303;-4.5946;-1.5170
-1.7370;0.5653;1.5495
-1.3315;-4.6307;0.9724
2.3404;-2.0987;3.0695
-2.5625;0.4778;2.0465
-3.5879;0.4295;-0.7786
0.2669;0.1286;3.8724
2.6990;1.4176;1.5843
2.0212;-2.6820;1.4161
-0.5388;-1.1140;0.5406
-1.5303;-4.7019;-0.8203
-0.6353;-0.0036;-0.9230
0.9392;4.2410;0.7507
0.8089;0.9137;0.3357
-1.0078;1.6639;1.3602
-0.0534;2.4183;-0.8234
3.7460;-0.8762;0.1336
-0.9474;4.7459;5.4777
-2.4287;-0.5012;-1.0145
-3.5317;1.2933;2.6428
-4.8321;2.2999;3.1886
-2.5621;1.4654;4.9587
2.4422;0.0609;0.3904
-0.3705;0.8879;2.3263
-2.6711;3.1875;-0.6744
-1.4969;0.7581;-0.5969
2.0143;-4.0087;-1.3601
0.6320;-2.0418;2.6462
1.0742;-3.6527;2.0131
1.0184;1.2342;-1.6703
-3.2856;2.4083;0.2670
0.5408;-3.9141;-0.7105
1.8044;1.7228;0.1030
0.1221;1.0116;2.7663
-2.7421;-2.1125;-1.6506
-1.8940;-2.3087;-0.1427
3.2133;-3.3070;0.7483
-1.3118;-3.5367;0.8286
3.2216;-2.1591;1.4620
3.3687;-0.1257;0.7060
0.4923;0.6121;4.1231
1.7051;-0.0648;0.9303
0.2863;3.1261;0.2586
1.2433;2.8471;3.0725
1.1126;0.9318;2.3979
0.5756;0.2204;-1.8820
-0.4559;1.0163;2.8462
3.5438;-1.5813;1.2501
-0.0531;3.1288;1.3796
-0.0975;-0.3427;3.7136
2.7595;-3.0825;1.2193
-2.5238;2.5383;1.5621
-1.7414;3.2828;6.1905
-2.5920;-4.3497;3.3450
0.3123;0.3277;0.5770
-0.1499;-2.5073;-0.7647
1.1841;-0.5658;1.0175
2.1413;-4.3398;1.3733
-0.3649;-2.6958;2.5156
3.6378;0.4647;2.8103
0.8085;-0.6536;1.9473
2.4134;-1.4499;0.2690
-0.1018;2.5591;-1.4528
0.6163;-4.2344;4.0760
-1.2448;-2.4230;0.1029
-1.7391;1.6972;4.8176
-2.1069;3.1374;0.7463
0.9313;-3.1180;3.6242
-0.3627;-2.7360;0.8762
-0.5944;-4.6520;-0.1689
4.1679;-1.0931;-0.4528
1.2727;-1.0517;1.5132
-0.4697;-0.1182;3.1161
-0.3202;-2.1795;0.0321
3.7879;3.0408;2.8981
-0.9336;-5.1639;-0.5856
1.4341;-0.6696;0.6864
1.5885;0.0836;-0.1044
-1.1055;-0.0748;-0.8689
1.6890;-2.6825;2.4146
1.4531;-1.2531;-0.3208
0.1813;-0.6488;1.6917
-0.7847;3.4813;1.9042
-1.2895;-2.3356;0.7719
0.4417;1.9129;-2.5684
0.8491;2.6477;-1.2506
2.6661;3.0496;0.1602
-1.6178;1.1862;1.8656
0.7413;-2.2926;2.3925
0.1067;-1.1144;1.0076
0.3582;-1.0764;-3.8032
-0.4367;0.5943;4.9478
-4.1738;1.5452;1.4405
0.4819;-1.3354;2.1136
1.2005;2.9147;2.9135
1.5535;-0.0231;1.3507
-0.3560;3.5977;0.2965
-1.4478;-3.7987;2.4880
0.4338;-5.5077;-0.5734
0.7006;2.3451;1.7167
0.5996;1.2388;2.4478
0.3098;-0.5706;-0.3138
-3.1845;-0.4769;2.3730
-6.5829;3.1222;0.5231
0.2483;2.7911;-0.0211
0.9931;1.4828;0.9228
1.3419;0.0231;-1.0796
-0.8872;1.8483;1.9201
2.1977;0.9541;-1.3153
-4.2485;2.8017;3.1439
1.2269;-0.0900;0.6207
1.1276;-2.7947;3.7490
-0.6105;3.3069;0.0222
1.3712;2.0979;1.0498
-0.9739;-0.6538;-0.5903
2.0304;4.5374;-0.0750
0.4819;0.2372;2.4853
-1.7314;0.2550;0.0733
-1.5092;0.2107;1.5392
-0.4131;1.6875;1.5688
0.1538;0.1318;-0.2830
-0.3039;-0.0342;-3.1835
1.2098;0.4011;2.8484
0.9149;3.4508;3.8008
2.0105;-0.6228;0.9261
1.4860;-2.2639;1.8830
-4.6815;3.7005;2.3910
-1.2655;0.6438;-1.0487
0.9680;-3.9821;-3.2982
-1.1194;-1.7394;1.2257
-1.2931;4.2396;0.7726
2.3849;-1.5286;1.1902
-1.0004;-1.2780;-2.2911
1.5052;0.0655;3.7499
2.0250;0.6470;-1.0574
-1.2250;0.4941;-0.0889
-0.7823;0.6273;1.3145
-1.5985;0.0544;0.6775
-1.1190;2.5258;0.3720
1.3753;1.4417;-1.2252
3.9827;2.6067;1.1301
-2.0677;1.3923;1.0420
-3.4461;-3.2360;5.4920
0.9079;0.0754;-1.4864
0.5969;2.6523;2.0412
3.0700;2.4043;0.8921
-1.5726;-1.1542;0.7669
5.8273;0.6403;-1.8966
-1.2022;-0.3047;5.5693
-0.1139;1.9499;0.9170
3.1996;0.2570;6.3071
2.0866;3.5477;1.1004
1.2254;-1.8818;3.0017
-0.1286;1.1811;-1.7499
0.7875;-2.2159;0.8075
0.2591;3.2667;-0.3758
0.8948;0.1429;-0.4803
0.7250;-0.9837;1.5797
0.5051;0.9598;-3.5891
3.0769;-3.6040;0.2625
-1.9980;-1.7499;4.3941
-2.5628;-1.0745;1.5299
-2.5753;1.1727;2.9042
1.4055;3.0880;0.5966
-0.4787;-1.5077;-1.5385
0.0733;-1.0633;2.6023
0.1558;2.8751;1.5773
-3.0248;-4.1321;3.5756
-2.6190;-2.6733;2.1708
0.8383;-0.6307;3.7374
-0.7702;-1.6286;1.8697
0.9648;1.4771;-0.9698
3.3488;1.2192;3.9517
-0.4359;1.0219;1.9583
0.3913;-0.6874;1.8499
1.2408;1.1287;1.7402
1.9942;1.7844;4.9757
1.3918;2.2315;-0.9676
0.0800;1.3256;2.4125
1.1555;-1.5055;2.2666
-3.9790;-1.0271;-3.2215
1.5583;0.6105;2.2547
-2.1919;0.3323;-1.9078
3.0750;-0.5601;-2.1937
0.9030;2.4249;1.3436
-0.7778;0.3565;1.3339
-0.9860;-0.6129;2.9787
2.1183;-0.1838;0.1352
1.8647;1.9007;1.0799
-3.1318;1.0186;2.6557
2.1770;-3.2771;0.9622
0.9969;3.2206;0.2645
-0.1418;1.4581;-2.2379
1.0556;0.5099;0.5180
1.6093;2.4769;-0.2689
1.8712;-1.0521;3.7651
1.2864;-1.7355;-2.3865
0.4859;3.8675;0.5150
0.3566;-2.3032;-0.6690
-1.8672;1.9391;-0.4547
-0.6027;-2.7660;0.4281
-1.2056;2.7921;1.3764
1.9118;-1.0928;0.6258
-1.2052;-1.3980;-0.0741
2.6795;0.9190;-0.6079
-2.9681;0.2541;0.7401
-2.6499;2.6147;-0.1651
0.5730;-1.4347;1.6824
2.0522;0.0292;1.9188
0.3327;1.6664;-2.5511
-0.5711;2.7835;0.3657
1.7315;2.0850;-0.2740
-0.9426;0.4495;3.8882
2.8508;1.4184;-0.1742
-2.0638;1.4764;2.6970
-0.5051;-0.5995;0.6427
0.2148;4.4024;-0.7420
-1.6265;-0.9511;1.2608
2.9632;-1.8219;-2.5652
-2.9072;-1.5241;-0.0128
-1.5433;0.2310;2.1141
2.1701;0.5524;0.6187
0.3484;-3.3656;2.6443
0.7737;-1.7842;2.7993
2.8109;1.9027;2.6770
-1.0260;1.2529;-0.9619
0.6823;-2.3945;0.7524
-3.0962;1.7938;3.3782
-1.1675;-1.0251;3.7483
-5.2111;-3.5148;4.6739
2.2868;-2.1317;-0.7119
2.7947;3.6247;1.6509
0.9565;-2.5276;0.8605
-0.7191;-5.2083;-0.9159
-2.7159;-2.1785;1.8099
1.8507;-1.7982;-2.0969
0.4578;1.4703;2.9860
0.0009;0.5386;1.6760
-3.4786;1.3900;0.1270
-1.9729;-1.8361;1.6360
-1.7788;-0.9511;1.3410
-0.2056;6.4514;2.3650
-0.1591;3.3013;2.7622
1.7270;-1.1471;3.0437
1.3247;0.9898;0.8721
1.8251;1.1154;0.7681
4.2128;-0.2558;1.3036
2.2622;-1.8401;-0.1287
5.0812;0.1826;3.1353
0.6122;0.4081;-1.6903
0.2027;0.5092;-0.3883
-0.1495;-2.1123;1.0313
0.6594;2.0744;2.0453
-2.2798;-1.6050;-0.3412
4.8812;-1.9813;3.5897
0.5660;-0.5259;3.8343
0.8898;-0.6884;6.6651
-0.1733;-1.6328;-0.7291
1.0159;-1.8755;3.8410
1.9034;1.4079;-1.7806
0.0840;4.7821;2.2354
-1.8994;-1.0109;0.8132
-3.1248;-3.1090;2.1031
2.7043;1.5071;-2.0098
3.0653;-3.4800;1.4232
-0.5357;0.5540;-0.4666
-0.2250;-0.1031;0.1009
1.8042;2.2753;0.2490
-2.1856;2.1011;0.5691
-0.8787;1.5083;1.2660
2.0343;-2.0879;-1.1117
-1.1768;-0.1349;0.7639
-0.5043;1.6786;-0.4304
1.3063;2.2289;1.5890
-1.6099;1.9835;0.7244
3.4758;-0.1053;0.1208
-3.1289;-1.9895;-1.0279
-0.0172;5.2288;2.4880
-0.7228;-0.1918;0.1430
-1.3490;-0.8923;2.9685
-1.1893;1.7751;0.8004
1.0432;1.1645;-0.2944
1.7651;2.1044;-2.9404
0.5819;-0.1674;2.2878
0.5900;-0.0238;0.8594
0.8661;-0.4675;1.7837
2.0361;1.8491;5.1796
-5.3334;0.6245;-0.0003
-1.5010;0.3442;4.9171
-0.0650;-1.7906;1.1395
-1.2636;-0.7394;3.4876
-3.3283;1.1446;2.6356
-2.3036;-2.2451;1.7564
-1.0176;0.8686;0.0729
-0.0603;-3.6920;2.5550
1.8798;1.8081;-1.4497
2.6039;-2.2032;-0.4847
1.6230;2.4156;-2.2773
1.0953;-0.3770;-1.4483
-0.0279;1.2251;-2.8399
-0.2919;0.1128;-3.0949
2.1810;-2.3139;0.9196
-2.0536;-3.1473;1.4016
2.0567;1.8532;0.6745
0.0279;-0.8353;0.2845
-1.4811;-0.5770;-0.8916
-0.2785;4.0581;-1.5720
-0.4863;-1.9898;-1.4792
3.8566;1.7080;0.6358
-0.8850;-0.4774;-0.5950
0.4378;-0.0185;1.1979
-1.4464;2.3382;1.6598
2.0410;-1.6525;-1.1183
0.9106;2.2518;2.5454
0.0556;0.4019;1.2793
-0.6310;2.3747;-0.4802
0.0418;-1.4548;1.3605
-2.5432;1.8800;1.4022
-2.7144;-1.1856;3.9149
2.6585;-1.2066;0.5732
-2.6901;-0.1088;2.0986
0.6699;0.6471;-0.3373
3.1074;-2.3513;1.0974
-0.5090;-1.5807;1.6002
-1.4407;-2.1805;-2.7433
-4.0787;2.4025;0.9935
1.3473;-2.0014;1.9175
1.4811;0.8557;0.2981
0.3465;1.7858;2.7271
0.9497;-0.8107;0.8574
2.6863;0.9997;-0.9494
1.8728;1.9032;0.9083
2.0243;1.4464;3.4288
-1.7405;0.2923;-0.7947
-0.9620;2.0006;2.4080
-0.5148;4.4837;4.0760
-2.2605;0.5470;0.2863
4.0961;0.0645;4.1109
0.1993;0.8088;-0.1269
-1.1422;-1.0148;0.0020
-0.8551;0.8114;-0.5292
0.0841;0.2402;2.4559
-1.7859;-0.5958;3.2035
3.3104;3.2947;2.2403
0.6719;-1.0442;2.6918
-2.4532;2.2671;-0.9963
-1.0706;1.7789;1.6690
1.0733;-2.2585;2.3192
1.7000;-0.1400;1.1678
0.2743;-2.5794;-0.0503
-2.2892;1.3927;2.7071
-2.4173;0.1433;-0.2023
1.4587;-1.5566;1.5306
-0.0768;-2.6524;-0.4034
2.8662;2.1056;2.1276
-2.4029;1.3255;1.3143
-0.1822;-1.4974;-1.0521
-0.0947;-0.8799;-0.6620
3.9917;-1.5358;-2.1982
0.2397;1.4050;0.2502
-2.3309;-0.3868;2.6736
-0.6436;-1.6341;3.7473
0.8947;-0.1497;2.6362
2.2984;0.4189;-4.6064
-3.9212;-1.3951;0.4390
0.1452;0.9530;0.1552
3.0715;-0.5608;-0.0779
-0.3986;-1.9761;-0.4820
0.1056;1.5439;-1.5142
-1.8864;-0.7219;1.2537
-1.5065;-0.8169;0.9642
0.4420;0.4697;3.2887
-1.7210;0.4716;-0.7910
-2.9878;-1.1248;1.0829
1.1522;-0.3616;4.1529
-1.9146;-0.6520;1.8056
2.0878;1.5887;1.6879
-0.4153;-1.2990;1.7395
-0.7091;1.4381;-0.3615
2.2667;1.7384;0.9520
-1.6134;3.6890;-2.3060
-1.0252;1.3810;0.6451
0.3453;0.5498;3.3451
-0.3545;0.7682;1.7639
-0.3642;0.9871;2.1379
2.5088;-0.4473;0.3506
-0.7898;3.5969;0.9057
0.6317;3.7944;-1.8635
-2.2389;-3.1487;-5.9451
-1.5100;1.3757;2.5627
2.4473;-0.4630;3.2423
-2.2055;1.2531;0.7391
-2.2167;1.6616;-0.9569
-0.3699;-0.5934;1.3134
-3.2601;-0.3941;1.4976
-2.5342;-1.4855;2.6264
-0.5937;-0.8164;0.7935
2.7992;-1.9251;2.9964
-1.9658;0.4046;1.0050
1.2085;4.4922;2.9966
-2.5007;2.1124;1.7000
0.7763;2.7980;0.9168
0.4707;0.9037;-1.5035
2.7785;-0.5555;-1.5598
-4.0351;-1.9017;4.4051
0.2901;0.1789;1.5603
0.0210;2.1789;0.5986
5.0525;-2.0811;-0.2930
-3.2038;1.9289;0.7810
-0.3877;-0.3734;0.6545
-2.8179;0.4467;1.4591
3.1585;0.2377;3.4866
0.6350;4.6966;-0.5519
1.1944;3.1490;0.6372
2.9684;-3.7287;-0.7045
-0.2055;3.3134;-1.4688
2.9032;1.4760;-1.9789
0.2169;2.4062;-0.2758
-0.3506;-0.4523;-2.0580
2.4415;2.0647;-1.6182
1.3288;-1.8276;0.4747
-0.0280;-0.2656;1.6132
0.5554;1.0109;0.2011
-1.6426;-4.3208;1.2317
2.5229;-0.4346;-1.0427
0.7459;-1.5044;1.8567
-0.6724;-4.6948;0.9778
-1.3747;-0.1502;1.1169
1.9812;-0.8193;-1.8121
-2.1599;-0.4230;0.9088
-1.8600;2.6979;1.0921
-3.7032;-0.9027;1.1344
-1.7583;1.7088;5.0189
2.0540;-1.1570;-1.3202
-0.0026;-0.4286;2.4629
-0.5127;-0.0768;3.8379
-0.2483;-1.2090;-6.5052
-2.5298;2.1819;1.6275
5.5573;-4.0152;-1.2977
-2.4216;-3.4364;-0.4369
-2.4483;1.8391;0.9155
2.9059;-1.5065;-0.9991
-0.7461;-0.7454;1.4328
-5.1755;-0.4070;-2.5165
0.8818;-1.4021;0.6208
0.0473;0.0030;0.6416
-1.7684;-0.8288;4.0944
4.8932;0.8971;3.2380
-4.3382;-1.9498;1.9350
-2.2031;0.2408;1.9265
2.7437;2.3956;0.9397
0.1000;1.2075;1.4265
-4.0557;-2.1748;3.5680
-0.3347;-0.4560;3.2085
2.0471;-2.3060;4.8463
-1.1387;-2.2604;0.9392
2.3896;-0.8823;-0.5434
2.5147;1.8028;-0.3196
-0.7179;-0.0095;3.8358
3.6941;-3.6120;4.9491
-3.4152;-0.1592;0.0728
-0.9451;0.5763;3.3320
-1.6111;-0.4960;-1.0200
-3.2802;-1.7428;0.9027
-4.0180;0.8416;-0.0788
-1.3983;1.7885;1.5364
-0.4231;0.8131;-3.1256
-2.2369;-3.6087;3.2538
0.2651;1.1829;1.9913
0.9496;1.8883;-1.8128
2.5179;-2.0474;-0.4779
2.3584;1.2876;1.5671
-1.0785;0.0414;-0.0342
-0.8528;-1.9758;2.6373
-0.9539;0.2522;4.3183
2.2725;-0.4975;0.6133
1.9171;-3.3715;1.1851
2.1205;1.2863;-1.4775
-0.3682;0.2840;-2.1775
1.0290;0.6479;-0.2088
-0.6967;1.9340;0.1907
0.4068;-3.1652;2.4392
1.8516;-5.6584;-1.3398
0.7644;0.9870;-0.9353
3.0017;-1.9477;-1.0503
-0.3266;-2.8721;1.4516
1.1377;-0.7544;3.1761
-2.1758;-0.2800;1.7114
0.7417;2.8305;0.1769
-1.7829;-2.9954;2.0616
1.0385;2.3485;-0.1171
-0.7892;-0.3256;-0.1556
0.9189;3.4285;-0.9478
3.6026;-0.1015;2.4460
-0.4592;-1.2563;-0.8590
-1.3405;0.8367;0.3645
2.4775;-2.1967;-1.8846
1.7466;0.4747;0.5919
0.7002;-3.0384;-2.1515
1.3167;1.7450;-1.9505
0.4269;1.2582;-0.8061
-1.0355;-1.5593;0.0796
3.7220;-0.1797;0.3804
-1.0406;1.3504;-0.0999
-1.2712;-1.3875;1.7598
1.7801;3.4615;-2.4200
0.7187;-0.9795;3.3763
-0.2184;0.5234;3.5492
1.7589;0.4184;-0.4312
1.1984;-2.7507;1.4676
0.6228;-0.4858;3.3854
-1.4365;-0.4200;3.2914
-0.8061;-2.9435;4.0871
0.2582;2.2387;0.3920
4.4382;-1.6541;1.5159
4.1277;0.6680;-0.0299
-4.0234;-2.1929;3.1604
-1.1458;1.2278;3.8521
1.1298;0.4342;-1.5134
-1.7046;-2.0979;1.3483
-1.2116;0.9257;4.0529
-0.8454;1.3948;1.9466
1.3730;1.0596;-2.0922
-1.5884;0.5186;5.6180
-2.6916;-3.1926;2.2150
-1.0621;0.3311;0.7919
1.2655;-1.3598;3.9493
-1.3847;2.9060;0.1196
-0.4900;2.1905;1.2557
-3.3008;0.7342;1.0329
1.8549;-0.5931;-0.7155
2.0873;0.8268;-0.1965
-3.5710;1.4090;0.1114
-0.9239;0.9713;0.5034
0.1274;0.3361;2.6576
-0.6933;-1.2996;-3.3840
-1.3789;-2.4789;-3.9653
-1.0531;-0.3319;0.5764
1.3767;-0.0140;2.3370
-0.2984;-1.2352;0.0399
0.2744;1.9668;0.8749
-2.3377;-2.2348;-1.7412
0.6943;-1.3564;0.8602
0.7813;6.0107;-1.9813
-1.3609;0.6433;0.1182
0.9955;-0.3900;4.3832
1.0473;0.4608;-0.3692
-1.3602;-0.2816;1.8212
1.0508;-0.1577;2.5259
0.6419;1.6153;-0.3391
0.7770;-0.2445;1.9662
2.9212;-1.7190;4.0682
3.4425;2.4714;0.1282
0.6990;0.3684;1.6945
-2.0846;-0.7746;-1.7712
-1.3749;-2.4488;-1.8965
1.8327;-2.5548;-0.1080
-0.6991;2.6338;0.6383
2.5252;0.5885;2.2581
-0.2717;0.1559;0.3016
2.3022;-2.6049;1.8109
0.2046;-3.5443;1.0596
-0.1900;-1.3391;0.2526
2.6847;0.9073;1.7987
-1.9226;-1.5412;0.0772
-0.6561;-0.1279;2.3641
-0.6338;-5.1294;-0.8756
-2.5405;1.0387;1.4036
0.6956;1.0297;1.5734
-1.7763;4.4922;-0.7158
4.2270;0.5683;2.8794
0.8729;-1.2132;-2.9618
1.2643;1.1608;-1.3665
0.2512;-0.7919;2.7378
0.1581;0.4952;-1.7115
-0.2778;-0.7686;-2.0123
-3.7658;-3.5748;0.9428
-0.5534;0.8233;0.8591
1.5305;1.4283;-0.2584
0.1810;4.7172;1.4752
-4.4515;-1.9198;4.4880
0.6711;-2.7597;3.6282
-1.0925;1.1982;5.4035
-0.3974;-0.1201;0.4045
-2.6759;-2.0272;0.7661
0.1495;-0.1112;2.0233
-1.4921;-2.5148;3.0898
4.6017;-0.7927;0.2367
-2.2566;0.7335;-2.0963
-2.2673;-0.4001;-0.7540
3.2430;-0.1487;0.2575
-0.8456;2.9566;-0.9300
-0.8406;0.3163;0.5528
2.2547;-0.0315;5.5065
-0.4160;0.1624;-1.0814
-1.1271;3.6273;1.3985
-3.2932;1.3132;0.4992
-2.0030;-3.0160;2.1588
-2.9597;0.3943;1.8681
-1.8198;-1.6501;4.5984
-4.4336;1.8029;0.4686
3.7902;3.2540;2.0376
3.2066;1.7769;0.7036
2.9021;-0.1569;-2.0674
-1.7899;1.1477;-1.4819
-0.4645;-2.4259;0.4298
0.2068;2.1751;7.1201
0.2872;1.5118;-1.1398
-0.7225;0.5891;0.2410
-0.6953;5.6671;1.4642
-4.0304;1.1235;-0.6124
0.1676;3.0533;5.5716
-0.3220;2.0639;4.3238
2.3420;4.5307;0.3637
-0.6093;-1.9380;0.0629
-1.6140;1.5470;3.6091
-1.0562;-1.5692;0.9121
0.9308;-0.0358;2.6275
-3.8695;-2.4490;2.3536
0.5098;-0.8387;3.2407
-1.8018;-0.7344;1.7081
